OrganisationLabel,OrganisationURI,PublishedDate,LatestData,DurationFrom,DurationTo,ReportingPeriodType,Month,GeoEntityName,GeoCode,GeoName,GeoURI,AveragePrice,AveragePriceDetached,AveragePriceSemiDetached,AveragePriceTerraced,AveragePriceFlatOrMaisonette
Lincolnshire,http://opendatacommunities.org/id/county-council/lincolnshire,2022-08-19T00:00:00,TRUE,2022-05-01T00:00:00,2022-05-31T23:59:59,Month,2022-05,County,E10000019,Lincolnshire,http://statistics.data.gov.uk/doc/statistical-geography/E10000019,230139,307268,204065,162486,110484
Lincolnshire,http://opendatacommunities.org/id/county-council/lincolnshire,2022-08-19T00:00:00,TRUE,2022-05-01T00:00:00,2022-05-31T23:59:59,Month,2022-05,District Council,E07000136,Boston,http://statistics.data.gov.uk/doc/statistical-geography/E07000136,199818,276361,172063,136859,95085
Lincolnshire,http://opendatacommunities.org/id/county-council/lincolnshire,2022-08-19T00:00:00,TRUE,2022-05-01T00:00:00,2022-05-31T23:59:59,Month,2022-05,District Council,E07000137,East Lindsey,http://statistics.data.gov.uk/doc/statistical-geography/E07000137,222389,277659,188891,148679,100770
Lincolnshire,http://opendatacommunities.org/id/county-council/lincolnshire,2022-08-19T00:00:00,TRUE,2022-05-01T00:00:00,2022-05-31T23:59:59,Month,2022-05,District Council,E07000138,Lincoln,http://statistics.data.gov.uk/doc/statistical-geography/E07000138,180219,292898,196955,150474,111397
Lincolnshire,http://opendatacommunities.org/id/county-council/lincolnshire,2022-08-19T00:00:00,TRUE,2022-05-01T00:00:00,2022-05-31T23:59:59,Month,2022-05,District Council,E07000139,North Kesteven,http://statistics.data.gov.uk/doc/statistical-geography/E07000139,259077,316757,213960,174636,111550
Lincolnshire,http://opendatacommunities.org/id/county-council/lincolnshire,2022-08-19T00:00:00,TRUE,2022-05-01T00:00:00,2022-05-31T23:59:59,Month,2022-05,District Council,E07000140,South Holland,http://statistics.data.gov.uk/doc/statistical-geography/E07000140,235243,293299,200122,161476,94798
Lincolnshire,http://opendatacommunities.org/id/county-council/lincolnshire,2022-08-19T00:00:00,TRUE,2022-05-01T00:00:00,2022-05-31T23:59:59,Month,2022-05,District Council,E07000141,South Kesteven,http://statistics.data.gov.uk/doc/statistical-geography/E07000141,272412,387942,247537,198052,125632
Lincolnshire,http://opendatacommunities.org/id/county-council/lincolnshire,2022-08-19T00:00:00,TRUE,2022-05-01T00:00:00,2022-05-31T23:59:59,Month,2022-05,District Council,E07000142,West Lindsey,http://statistics.data.gov.uk/doc/statistical-geography/E07000142,213829,284513,182152,146762,104789
Lincolnshire,http://opendatacommunities.org/id/county-council/lincolnshire,2022-08-19T00:00:00,,2022-04-01T00:00:00,2022-04-30T23:59:59,Month,2022-04,County,E10000019,Lincolnshire,http://statistics.data.gov.uk/doc/statistical-geography/E10000019,227107,302732,201578,160623,109834
Lincolnshire,http://opendatacommunities.org/id/county-council/lincolnshire,2022-08-19T00:00:00,,2022-04-01T00:00:00,2022-04-30T23:59:59,Month,2022-04,District Council,E07000136,Boston,http://statistics.data.gov.uk/doc/statistical-geography/E07000136,196216,271072,169355,134146,94306
Lincolnshire,http://opendatacommunities.org/id/county-council/lincolnshire,2022-08-19T00:00:00,,2022-04-01T00:00:00,2022-04-30T23:59:59,Month,2022-04,District Council,E07000137,East Lindsey,http://statistics.data.gov.uk/doc/statistical-geography/E07000137,218193,272378,185271,145679,99663
Lincolnshire,http://opendatacommunities.org/id/county-council/lincolnshire,2022-08-19T00:00:00,,2022-04-01T00:00:00,2022-04-30T23:59:59,Month,2022-04,District Council,E07000138,Lincoln,http://statistics.data.gov.uk/doc/statistical-geography/E07000138,182188,296222,198998,151938,113243
Lincolnshire,http://opendatacommunities.org/id/county-council/lincolnshire,2022-08-19T00:00:00,,2022-04-01T00:00:00,2022-04-30T23:59:59,Month,2022-04,District Council,E07000139,North Kesteven,http://statistics.data.gov.uk/doc/statistical-geography/E07000139,254537,311139,210277,171161,110274
Lincolnshire,http://opendatacommunities.org/id/county-council/lincolnshire,2022-08-19T00:00:00,,2022-04-01T00:00:00,2022-04-30T23:59:59,Month,2022-04,District Council,E07000140,South Holland,http://statistics.data.gov.uk/doc/statistical-geography/E07000140,234754,292529,199829,161127,95432
Lincolnshire,http://opendatacommunities.org/id/county-council/lincolnshire,2022-08-19T00:00:00,,2022-04-01T00:00:00,2022-04-30T23:59:59,Month,2022-04,District Council,E07000141,South Kesteven,http://statistics.data.gov.uk/doc/statistical-geography/E07000141,264187,376069,240156,191838,122713
Lincolnshire,http://opendatacommunities.org/id/county-council/lincolnshire,2022-08-19T00:00:00,,2022-04-01T00:00:00,2022-04-30T23:59:59,Month,2022-04,District Council,E07000142,West Lindsey,http://statistics.data.gov.uk/doc/statistical-geography/E07000142,213376,283636,182008,146467,105197
Lincolnshire,http://opendatacommunities.org/id/county-council/lincolnshire,2022-08-19T00:00:00,,2022-03-01T00:00:00,2022-03-31T23:59:59,Month,2022-03,County,E10000019,Lincolnshire,http://statistics.data.gov.uk/doc/statistical-geography/E10000019,225906,302126,200189,158581,109183
Lincolnshire,http://opendatacommunities.org/id/county-council/lincolnshire,2022-08-19T00:00:00,,2022-03-01T00:00:00,2022-03-31T23:59:59,Month,2022-03,District Council,E07000136,Boston,http://statistics.data.gov.uk/doc/statistical-geography/E07000136,192456,266947,165635,130678,91611
Lincolnshire,http://opendatacommunities.org/id/county-council/lincolnshire,2022-08-19T00:00:00,,2022-03-01T00:00:00,2022-03-31T23:59:59,Month,2022-03,District Council,E07000137,East Lindsey,http://statistics.data.gov.uk/doc/statistical-geography/E07000137,219054,273960,186014,145342,99539
Lincolnshire,http://opendatacommunities.org/id/county-council/lincolnshire,2022-08-19T00:00:00,,2022-03-01T00:00:00,2022-03-31T23:59:59,Month,2022-03,District Council,E07000138,Lincoln,http://statistics.data.gov.uk/doc/statistical-geography/E07000138,181103,296400,197798,150210,113442
Lincolnshire,http://opendatacommunities.org/id/county-council/lincolnshire,2022-08-19T00:00:00,,2022-03-01T00:00:00,2022-03-31T23:59:59,Month,2022-03,District Council,E07000139,North Kesteven,http://statistics.data.gov.uk/doc/statistical-geography/E07000139,251503,307782,207401,168928,108632
Lincolnshire,http://opendatacommunities.org/id/county-council/lincolnshire,2022-08-19T00:00:00,,2022-03-01T00:00:00,2022-03-31T23:59:59,Month,2022-03,District Council,E07000140,South Holland,http://statistics.data.gov.uk/doc/statistical-geography/E07000140,237336,295760,202466,162066,95806
Lincolnshire,http://opendatacommunities.org/id/county-council/lincolnshire,2022-08-19T00:00:00,,2022-03-01T00:00:00,2022-03-31T23:59:59,Month,2022-03,District Council,E07000141,South Kesteven,http://statistics.data.gov.uk/doc/statistical-geography/E07000141,260317,371899,236549,187692,121141
Lincolnshire,http://opendatacommunities.org/id/county-council/lincolnshire,2022-08-19T00:00:00,,2022-03-01T00:00:00,2022-03-31T23:59:59,Month,2022-03,District Council,E07000142,West Lindsey,http://statistics.data.gov.uk/doc/statistical-geography/E07000142,211761,282356,180655,144236,104402
Lincolnshire,http://opendatacommunities.org/id/county-council/lincolnshire,2022-08-19T00:00:00,,2022-02-01T00:00:00,2022-02-28T23:59:59,Month,2022-02,County,E10000019,Lincolnshire,http://statistics.data.gov.uk/doc/statistical-geography/E10000019,225504,302335,198932,158216,109635
Lincolnshire,http://opendatacommunities.org/id/county-council/lincolnshire,2022-08-19T00:00:00,,2022-02-01T00:00:00,2022-02-28T23:59:59,Month,2022-02,District Council,E07000136,Boston,http://statistics.data.gov.uk/doc/statistical-geography/E07000136,184649,256171,158148,125994,89024
Lincolnshire,http://opendatacommunities.org/id/county-council/lincolnshire,2022-08-19T00:00:00,,2022-02-01T00:00:00,2022-02-28T23:59:59,Month,2022-02,District Council,E07000137,East Lindsey,http://statistics.data.gov.uk/doc/statistical-geography/E07000137,223119,278847,189053,148535,102518
Lincolnshire,http://opendatacommunities.org/id/county-council/lincolnshire,2022-08-19T00:00:00,,2022-02-01T00:00:00,2022-02-28T23:59:59,Month,2022-02,District Council,E07000138,Lincoln,http://statistics.data.gov.uk/doc/statistical-geography/E07000138,176679,289471,192057,146843,111265
Lincolnshire,http://opendatacommunities.org/id/county-council/lincolnshire,2022-08-19T00:00:00,,2022-02-01T00:00:00,2022-02-28T23:59:59,Month,2022-02,District Council,E07000139,North Kesteven,http://statistics.data.gov.uk/doc/statistical-geography/E07000139,253222,310186,208017,170301,110526
Lincolnshire,http://opendatacommunities.org/id/county-council/lincolnshire,2022-08-19T00:00:00,,2022-02-01T00:00:00,2022-02-28T23:59:59,Month,2022-02,District Council,E07000140,South Holland,http://statistics.data.gov.uk/doc/statistical-geography/E07000140,237369,296469,201303,162035,97426
Lincolnshire,http://opendatacommunities.org/id/county-council/lincolnshire,2022-08-19T00:00:00,,2022-02-01T00:00:00,2022-02-28T23:59:59,Month,2022-02,District Council,E07000141,South Kesteven,http://statistics.data.gov.uk/doc/statistical-geography/E07000141,258703,369449,234170,187202,121505
Lincolnshire,http://opendatacommunities.org/id/county-council/lincolnshire,2022-08-19T00:00:00,,2022-02-01T00:00:00,2022-02-28T23:59:59,Month,2022-02,District Council,E07000142,West Lindsey,http://statistics.data.gov.uk/doc/statistical-geography/E07000142,213244,284247,181196,145839,106102
Lincolnshire,http://opendatacommunities.org/id/county-council/lincolnshire,2022-08-19T00:00:00,,2022-01-01T00:00:00,2022-01-31T23:59:59,Month,2022-01,County,E10000019,Lincolnshire,http://statistics.data.gov.uk/doc/statistical-geography/E10000019,221847,297171,195959,155574,108579
Lincolnshire,http://opendatacommunities.org/id/county-council/lincolnshire,2022-08-19T00:00:00,,2022-01-01T00:00:00,2022-01-31T23:59:59,Month,2022-01,District Council,E07000136,Boston,http://statistics.data.gov.uk/doc/statistical-geography/E07000136,184864,256772,158281,125908,88899
Lincolnshire,http://opendatacommunities.org/id/county-council/lincolnshire,2022-08-19T00:00:00,,2022-01-01T00:00:00,2022-01-31T23:59:59,Month,2022-01,District Council,E07000137,East Lindsey,http://statistics.data.gov.uk/doc/statistical-geography/E07000137,222394,278069,188698,147850,101816
Lincolnshire,http://opendatacommunities.org/id/county-council/lincolnshire,2022-08-19T00:00:00,,2022-01-01T00:00:00,2022-01-31T23:59:59,Month,2022-01,District Council,E07000138,Lincoln,http://statistics.data.gov.uk/doc/statistical-geography/E07000138,174466,286041,189847,144788,110114
Lincolnshire,http://opendatacommunities.org/id/county-council/lincolnshire,2022-08-19T00:00:00,,2022-01-01T00:00:00,2022-01-31T23:59:59,Month,2022-01,District Council,E07000139,North Kesteven,http://statistics.data.gov.uk/doc/statistical-geography/E07000139,252665,309478,207827,169890,110635
Lincolnshire,http://opendatacommunities.org/id/county-council/lincolnshire,2022-08-19T00:00:00,,2022-01-01T00:00:00,2022-01-31T23:59:59,Month,2022-01,District Council,E07000140,South Holland,http://statistics.data.gov.uk/doc/statistical-geography/E07000140,222982,278756,189026,152031,91497
Lincolnshire,http://opendatacommunities.org/id/county-council/lincolnshire,2022-08-19T00:00:00,,2022-01-01T00:00:00,2022-01-31T23:59:59,Month,2022-01,District Council,E07000141,South Kesteven,http://statistics.data.gov.uk/doc/statistical-geography/E07000141,259270,370216,234980,187524,121392
Lincolnshire,http://opendatacommunities.org/id/county-council/lincolnshire,2022-08-19T00:00:00,,2022-01-01T00:00:00,2022-01-31T23:59:59,Month,2022-01,District Council,E07000142,West Lindsey,http://statistics.data.gov.uk/doc/statistical-geography/E07000142,202665,270262,172463,138386,100552
Lincolnshire,http://opendatacommunities.org/id/county-council/lincolnshire,2022-08-19T00:00:00,,2021-12-01T00:00:00,2021-12-31T23:59:59,Month,2021-12,County,E10000019,Lincolnshire,http://statistics.data.gov.uk/doc/statistical-geography/E10000019,221775,297056,196157,155299,108413
Lincolnshire,http://opendatacommunities.org/id/county-council/lincolnshire,2022-08-19T00:00:00,,2021-12-01T00:00:00,2021-12-31T23:59:59,Month,2021-12,District Council,E07000136,Boston,http://statistics.data.gov.uk/doc/statistical-geography/E07000136,184613,256457,158309,125602,88052
Lincolnshire,http://opendatacommunities.org/id/county-council/lincolnshire,2022-08-19T00:00:00,,2021-12-01T00:00:00,2021-12-31T23:59:59,Month,2021-12,District Council,E07000137,East Lindsey,http://statistics.data.gov.uk/doc/statistical-geography/E07000137,223047,279119,189172,147974,101952
Lincolnshire,http://opendatacommunities.org/id/county-council/lincolnshire,2022-08-19T00:00:00,,2021-12-01T00:00:00,2021-12-31T23:59:59,Month,2021-12,District Council,E07000138,Lincoln,http://statistics.data.gov.uk/doc/statistical-geography/E07000138,175410,288738,191018,145113,110867
Lincolnshire,http://opendatacommunities.org/id/county-council/lincolnshire,2022-08-19T00:00:00,,2021-12-01T00:00:00,2021-12-31T23:59:59,Month,2021-12,District Council,E07000139,North Kesteven,http://statistics.data.gov.uk/doc/statistical-geography/E07000139,257126,314772,211760,173055,111805
Lincolnshire,http://opendatacommunities.org/id/county-council/lincolnshire,2022-08-19T00:00:00,,2021-12-01T00:00:00,2021-12-31T23:59:59,Month,2021-12,District Council,E07000140,South Holland,http://statistics.data.gov.uk/doc/statistical-geography/E07000140,217519,271403,184999,148535,88937
Lincolnshire,http://opendatacommunities.org/id/county-council/lincolnshire,2022-08-19T00:00:00,,2021-12-01T00:00:00,2021-12-31T23:59:59,Month,2021-12,District Council,E07000141,South Kesteven,http://statistics.data.gov.uk/doc/statistical-geography/E07000141,257523,368267,233559,185592,120440
Lincolnshire,http://opendatacommunities.org/id/county-council/lincolnshire,2022-08-19T00:00:00,,2021-12-01T00:00:00,2021-12-31T23:59:59,Month,2021-12,District Council,E07000142,West Lindsey,http://statistics.data.gov.uk/doc/statistical-geography/E07000142,203016,270887,172909,138312,100642
Lincolnshire,http://opendatacommunities.org/id/county-council/lincolnshire,2022-08-19T00:00:00,,2021-11-01T00:00:00,2021-11-30T23:59:59,Month,2021-11,County,E10000019,Lincolnshire,http://statistics.data.gov.uk/doc/statistical-geography/E10000019,217547,289842,193242,153047,107622
Lincolnshire,http://opendatacommunities.org/id/county-council/lincolnshire,2022-08-19T00:00:00,,2021-11-01T00:00:00,2021-11-30T23:59:59,Month,2021-11,District Council,E07000136,Boston,http://statistics.data.gov.uk/doc/statistical-geography/E07000136,182485,252958,156909,124040,88113
Lincolnshire,http://opendatacommunities.org/id/county-council/lincolnshire,2022-08-19T00:00:00,,2021-11-01T00:00:00,2021-11-30T23:59:59,Month,2021-11,District Council,E07000137,East Lindsey,http://statistics.data.gov.uk/doc/statistical-geography/E07000137,210620,262819,179300,140052,97135
Lincolnshire,http://opendatacommunities.org/id/county-council/lincolnshire,2022-08-19T00:00:00,,2021-11-01T00:00:00,2021-11-30T23:59:59,Month,2021-11,District Council,E07000138,Lincoln,http://statistics.data.gov.uk/doc/statistical-geography/E07000138,177705,291207,194026,146943,112836
Lincolnshire,http://opendatacommunities.org/id/county-council/lincolnshire,2022-08-19T00:00:00,,2021-11-01T00:00:00,2021-11-30T23:59:59,Month,2021-11,District Council,E07000139,North Kesteven,http://statistics.data.gov.uk/doc/statistical-geography/E07000139,248413,303643,205192,166768,109141
Lincolnshire,http://opendatacommunities.org/id/county-council/lincolnshire,2022-08-19T00:00:00,,2021-11-01T00:00:00,2021-11-30T23:59:59,Month,2021-11,District Council,E07000140,South Holland,http://statistics.data.gov.uk/doc/statistical-geography/E07000140,221017,275513,188370,150758,91175
Lincolnshire,http://opendatacommunities.org/id/county-council/lincolnshire,2022-08-19T00:00:00,,2021-11-01T00:00:00,2021-11-30T23:59:59,Month,2021-11,District Council,E07000141,South Kesteven,http://statistics.data.gov.uk/doc/statistical-geography/E07000141,254789,363336,231820,183579,120114
Lincolnshire,http://opendatacommunities.org/id/county-council/lincolnshire,2022-08-19T00:00:00,,2021-11-01T00:00:00,2021-11-30T23:59:59,Month,2021-11,District Council,E07000142,West Lindsey,http://statistics.data.gov.uk/doc/statistical-geography/E07000142,197833,263184,169153,135042,98974
Lincolnshire,http://opendatacommunities.org/id/county-council/lincolnshire,2022-08-19T00:00:00,,2021-10-01T00:00:00,2021-10-31T23:59:59,Month,2021-10,County,E10000019,Lincolnshire,http://statistics.data.gov.uk/doc/statistical-geography/E10000019,219438,292221,194431,154857,109297
Lincolnshire,http://opendatacommunities.org/id/county-council/lincolnshire,2022-08-19T00:00:00,,2021-10-01T00:00:00,2021-10-31T23:59:59,Month,2021-10,District Council,E07000136,Boston,http://statistics.data.gov.uk/doc/statistical-geography/E07000136,192326,266111,165205,131469,93465
Lincolnshire,http://opendatacommunities.org/id/county-council/lincolnshire,2022-08-19T00:00:00,,2021-10-01T00:00:00,2021-10-31T23:59:59,Month,2021-10,District Council,E07000137,East Lindsey,http://statistics.data.gov.uk/doc/statistical-geography/E07000137,218590,272451,185857,145980,101491
Lincolnshire,http://opendatacommunities.org/id/county-council/lincolnshire,2022-08-19T00:00:00,,2021-10-01T00:00:00,2021-10-31T23:59:59,Month,2021-10,District Council,E07000138,Lincoln,http://statistics.data.gov.uk/doc/statistical-geography/E07000138,176039,285269,191613,146627,112484
Lincolnshire,http://opendatacommunities.org/id/county-council/lincolnshire,2022-08-19T00:00:00,,2021-10-01T00:00:00,2021-10-31T23:59:59,Month,2021-10,District Council,E07000139,North Kesteven,http://statistics.data.gov.uk/doc/statistical-geography/E07000139,248309,302918,204705,168155,110346
Lincolnshire,http://opendatacommunities.org/id/county-council/lincolnshire,2022-08-19T00:00:00,,2021-10-01T00:00:00,2021-10-31T23:59:59,Month,2021-10,District Council,E07000140,South Holland,http://statistics.data.gov.uk/doc/statistical-geography/E07000140,220795,274781,188019,151289,93459
Lincolnshire,http://opendatacommunities.org/id/county-council/lincolnshire,2022-08-19T00:00:00,,2021-10-01T00:00:00,2021-10-31T23:59:59,Month,2021-10,District Council,E07000141,South Kesteven,http://statistics.data.gov.uk/doc/statistical-geography/E07000141,253311,359809,230165,183895,120227
Lincolnshire,http://opendatacommunities.org/id/county-council/lincolnshire,2022-08-19T00:00:00,,2021-10-01T00:00:00,2021-10-31T23:59:59,Month,2021-10,District Council,E07000142,West Lindsey,http://statistics.data.gov.uk/doc/statistical-geography/E07000142,198452,263752,169180,136176,99754
Lincolnshire,http://opendatacommunities.org/id/county-council/lincolnshire,2022-08-19T00:00:00,,2021-09-01T00:00:00,2021-09-30T23:59:59,Month,2021-09,County,E10000019,Lincolnshire,http://statistics.data.gov.uk/doc/statistical-geography/E10000019,209614,277562,187045,148506,104471
Lincolnshire,http://opendatacommunities.org/id/county-council/lincolnshire,2022-08-19T00:00:00,,2021-09-01T00:00:00,2021-09-30T23:59:59,Month,2021-09,District Council,E07000136,Boston,http://statistics.data.gov.uk/doc/statistical-geography/E07000136,170409,233793,147720,117841,83234
Lincolnshire,http://opendatacommunities.org/id/county-council/lincolnshire,2022-08-19T00:00:00,,2021-09-01T00:00:00,2021-09-30T23:59:59,Month,2021-09,District Council,E07000137,East Lindsey,http://statistics.data.gov.uk/doc/statistical-geography/E07000137,211997,262049,181927,143381,99476
Lincolnshire,http://opendatacommunities.org/id/county-council/lincolnshire,2022-08-19T00:00:00,,2021-09-01T00:00:00,2021-09-30T23:59:59,Month,2021-09,District Council,E07000138,Lincoln,http://statistics.data.gov.uk/doc/statistical-geography/E07000138,170602,275699,185970,142076,109123
Lincolnshire,http://opendatacommunities.org/id/county-council/lincolnshire,2022-08-19T00:00:00,,2021-09-01T00:00:00,2021-09-30T23:59:59,Month,2021-09,District Council,E07000139,North Kesteven,http://statistics.data.gov.uk/doc/statistical-geography/E07000139,242858,293426,202060,166586,110072
Lincolnshire,http://opendatacommunities.org/id/county-council/lincolnshire,2022-08-19T00:00:00,,2021-09-01T00:00:00,2021-09-30T23:59:59,Month,2021-09,District Council,E07000140,South Holland,http://statistics.data.gov.uk/doc/statistical-geography/E07000140,230337,284461,197601,160691,97751
Lincolnshire,http://opendatacommunities.org/id/county-council/lincolnshire,2022-08-19T00:00:00,,2021-09-01T00:00:00,2021-09-30T23:59:59,Month,2021-09,District Council,E07000141,South Kesteven,http://statistics.data.gov.uk/doc/statistical-geography/E07000141,225395,317704,205609,164595,109060
Lincolnshire,http://opendatacommunities.org/id/county-council/lincolnshire,2022-08-19T00:00:00,,2021-09-01T00:00:00,2021-09-30T23:59:59,Month,2021-09,District Council,E07000142,West Lindsey,http://statistics.data.gov.uk/doc/statistical-geography/E07000142,187773,247323,161743,129873,95313
Lincolnshire,http://opendatacommunities.org/id/county-council/lincolnshire,2022-08-19T00:00:00,,2021-08-01T00:00:00,2021-08-31T23:59:59,Month,2021-08,County,E10000019,Lincolnshire,http://statistics.data.gov.uk/doc/statistical-geography/E10000019,205574,271348,183282,146544,103796
Lincolnshire,http://opendatacommunities.org/id/county-council/lincolnshire,2022-08-19T00:00:00,,2021-08-01T00:00:00,2021-08-31T23:59:59,Month,2021-08,District Council,E07000136,Boston,http://statistics.data.gov.uk/doc/statistical-geography/E07000136,167798,230218,145233,115936,83057
Lincolnshire,http://opendatacommunities.org/id/county-council/lincolnshire,2022-08-19T00:00:00,,2021-08-01T00:00:00,2021-08-31T23:59:59,Month,2021-08,District Council,E07000137,East Lindsey,http://statistics.data.gov.uk/doc/statistical-geography/E07000137,203389,251407,174402,137544,95953
Lincolnshire,http://opendatacommunities.org/id/county-council/lincolnshire,2022-08-19T00:00:00,,2021-08-01T00:00:00,2021-08-31T23:59:59,Month,2021-08,District Council,E07000138,Lincoln,http://statistics.data.gov.uk/doc/statistical-geography/E07000138,169946,273908,185031,141812,108944
Lincolnshire,http://opendatacommunities.org/id/county-council/lincolnshire,2022-08-19T00:00:00,,2021-08-01T00:00:00,2021-08-31T23:59:59,Month,2021-08,District Council,E07000139,North Kesteven,http://statistics.data.gov.uk/doc/statistical-geography/E07000139,237288,287009,197091,162569,107961
Lincolnshire,http://opendatacommunities.org/id/county-council/lincolnshire,2022-08-19T00:00:00,,2021-08-01T00:00:00,2021-08-31T23:59:59,Month,2021-08,District Council,E07000140,South Holland,http://statistics.data.gov.uk/doc/statistical-geography/E07000140,216077,267248,184994,150395,91952
Lincolnshire,http://opendatacommunities.org/id/county-council/lincolnshire,2022-08-19T00:00:00,,2021-08-01T00:00:00,2021-08-31T23:59:59,Month,2021-08,District Council,E07000141,South Kesteven,http://statistics.data.gov.uk/doc/statistical-geography/E07000141,231457,326138,210784,169383,112280
Lincolnshire,http://opendatacommunities.org/id/county-council/lincolnshire,2022-08-19T00:00:00,,2021-08-01T00:00:00,2021-08-31T23:59:59,Month,2021-08,District Council,E07000142,West Lindsey,http://statistics.data.gov.uk/doc/statistical-geography/E07000142,183729,242088,157887,127276,93659
Lincolnshire,http://opendatacommunities.org/id/county-council/lincolnshire,2022-08-19T00:00:00,,2021-07-01T00:00:00,2021-07-31T23:59:59,Month,2021-07,County,E10000019,Lincolnshire,http://statistics.data.gov.uk/doc/statistical-geography/E10000019,204137,268716,181735,146420,104219
Lincolnshire,http://opendatacommunities.org/id/county-council/lincolnshire,2022-08-19T00:00:00,,2021-07-01T00:00:00,2021-07-31T23:59:59,Month,2021-07,District Council,E07000136,Boston,http://statistics.data.gov.uk/doc/statistical-geography/E07000136,166927,228697,144233,115715,83955
Lincolnshire,http://opendatacommunities.org/id/county-council/lincolnshire,2022-08-19T00:00:00,,2021-07-01T00:00:00,2021-07-31T23:59:59,Month,2021-07,District Council,E07000137,East Lindsey,http://statistics.data.gov.uk/doc/statistical-geography/E07000137,199159,245930,170508,135124,94981
Lincolnshire,http://opendatacommunities.org/id/county-council/lincolnshire,2022-08-19T00:00:00,,2021-07-01T00:00:00,2021-07-31T23:59:59,Month,2021-07,District Council,E07000138,Lincoln,http://statistics.data.gov.uk/doc/statistical-geography/E07000138,170576,274284,185359,142576,109893
Lincolnshire,http://opendatacommunities.org/id/county-council/lincolnshire,2022-08-19T00:00:00,,2021-07-01T00:00:00,2021-07-31T23:59:59,Month,2021-07,District Council,E07000139,North Kesteven,http://statistics.data.gov.uk/doc/statistical-geography/E07000139,234562,283670,194583,160880,107750
Lincolnshire,http://opendatacommunities.org/id/county-council/lincolnshire,2022-08-19T00:00:00,,2021-07-01T00:00:00,2021-07-31T23:59:59,Month,2021-07,District Council,E07000140,South Holland,http://statistics.data.gov.uk/doc/statistical-geography/E07000140,209029,258553,178634,145755,89830
Lincolnshire,http://opendatacommunities.org/id/county-council/lincolnshire,2022-08-19T00:00:00,,2021-07-01T00:00:00,2021-07-31T23:59:59,Month,2021-07,District Council,E07000141,South Kesteven,http://statistics.data.gov.uk/doc/statistical-geography/E07000141,232823,327573,211678,170901,113806
Lincolnshire,http://opendatacommunities.org/id/county-council/lincolnshire,2022-08-19T00:00:00,,2021-07-01T00:00:00,2021-07-31T23:59:59,Month,2021-07,District Council,E07000142,West Lindsey,http://statistics.data.gov.uk/doc/statistical-geography/E07000142,186788,245779,160256,129951,96132
Lincolnshire,http://opendatacommunities.org/id/county-council/lincolnshire,2022-08-19T00:00:00,,2021-06-01T00:00:00,2021-06-30T23:59:59,Month,2021-06,County,E10000019,Lincolnshire,http://statistics.data.gov.uk/doc/statistical-geography/E10000019,205000,270682,181328,147305,104412
Lincolnshire,http://opendatacommunities.org/id/county-council/lincolnshire,2022-08-19T00:00:00,,2021-06-01T00:00:00,2021-06-30T23:59:59,Month,2021-06,District Council,E07000136,Boston,http://statistics.data.gov.uk/doc/statistical-geography/E07000136,168266,231481,144459,116330,84741
Lincolnshire,http://opendatacommunities.org/id/county-council/lincolnshire,2022-08-19T00:00:00,,2021-06-01T00:00:00,2021-06-30T23:59:59,Month,2021-06,District Council,E07000137,East Lindsey,http://statistics.data.gov.uk/doc/statistical-geography/E07000137,198511,246251,168626,134193,94483
Lincolnshire,http://opendatacommunities.org/id/county-council/lincolnshire,2022-08-19T00:00:00,,2021-06-01T00:00:00,2021-06-30T23:59:59,Month,2021-06,District Council,E07000138,Lincoln,http://statistics.data.gov.uk/doc/statistical-geography/E07000138,172907,278217,187155,144950,111264
Lincolnshire,http://opendatacommunities.org/id/county-council/lincolnshire,2022-08-19T00:00:00,,2021-06-01T00:00:00,2021-06-30T23:59:59,Month,2021-06,District Council,E07000139,North Kesteven,http://statistics.data.gov.uk/doc/statistical-geography/E07000139,232762,282779,191790,159253,106618
Lincolnshire,http://opendatacommunities.org/id/county-council/lincolnshire,2022-08-19T00:00:00,,2021-06-01T00:00:00,2021-06-30T23:59:59,Month,2021-06,District Council,E07000140,South Holland,http://statistics.data.gov.uk/doc/statistical-geography/E07000140,207140,257482,175744,143657,88720
Lincolnshire,http://opendatacommunities.org/id/county-council/lincolnshire,2022-08-19T00:00:00,,2021-06-01T00:00:00,2021-06-30T23:59:59,Month,2021-06,District Council,E07000141,South Kesteven,http://statistics.data.gov.uk/doc/statistical-geography/E07000141,233210,329112,210996,171360,113540
Lincolnshire,http://opendatacommunities.org/id/county-council/lincolnshire,2022-08-19T00:00:00,,2021-06-01T00:00:00,2021-06-30T23:59:59,Month,2021-06,District Council,E07000142,West Lindsey,http://statistics.data.gov.uk/doc/statistical-geography/E07000142,193552,255792,164914,134390,99424
